date,sku,units_sold,lead_time_days,unit_cost,on_hand_inventory
2025-01-01,SKU_001,45.77,7,69.39,278.15
2025-01-02,SKU_001,51.38,7,69.39,239.2
2025-01-03,SKU_001,46.46,7,69.39,201.15
2025-01-04,SKU_001,47.34,7,69.39,167.93
2025-01-05,SKU_001,45.05,7,69.39,135.75
2025-01-06,SKU_001,50.57,7,69.39,90.91
2025-01-07,SKU_001,54.08,7,69.39,40.59
2025-01-08,SKU_001,57.09,7,69.39,0.0
2025-01-09,SKU_001,50.13,7,69.39,0.0
2025-01-10,SKU_001,51.42,7,69.39,0.0
2025-01-11,SKU_001,42.11,7,69.39,0.0
2025-01-12,SKU_001,46.92,7,69.39,0.0
2025-01-13,SKU_001,50.35,7,69.39,0.0
2025-01-14,SKU_001,61.17,7,69.39,0.0
2025-01-15,SKU_001,51.52,7,69.39,0.0
2025-01-16,SKU_001,53.33,7,69.39,0.0
2025-01-17,SKU_001,46.07,7,69.39,0.0
2025-01-18,SKU_001,40.53,7,69.39,0.0
2025-01-19,SKU_001,47.76,7,69.39,0.0
2025-01-20,SKU_001,44.01,7,69.39,0.0
2025-01-21,SKU_001,49.94,7,69.39,0.0
2025-01-22,SKU_001,54.04,7,69.39,0.0
2025-01-23,SKU_001,54.35,7,69.39,0.0
2025-01-24,SKU_001,49.24,7,69.39,0.0
2025-01-25,SKU_001,44.98,7,69.39,0.0
2025-01-26,SKU_001,38.96,7,69.39,0.0
2025-01-27,SKU_001,46.82,7,69.39,0.0
2025-01-28,SKU_001,51.51,7,69.39,0.0
2025-01-29,SKU_001,50.11,7,69.39,0.0
2025-01-30,SKU_001,44.14,7,69.39,0.0
2025-01-31,SKU_001,47.18,7,69.39,0.0
2025-02-01,SKU_001,46.67,7,69.39,0.0
2025-02-02,SKU_001,43.39,7,69.39,0.0
2025-02-03,SKU_001,52.13,7,69.39,0.0
2025-02-04,SKU_001,47.5,7,69.39,0.0
2025-02-05,SKU_001,49.89,7,69.39,0.0
2025-02-06,SKU_001,51.44,7,69.39,0.0
2025-02-07,SKU_001,44.82,7,69.39,0.0
2025-02-08,SKU_001,46.33,7,69.39,0.0
2025-02-09,SKU_001,46.62,7,69.39,0.0
2025-02-10,SKU_001,47.25,7,69.39,0.0
2025-02-11,SKU_001,47.82,7,69.39,0.0
2025-02-12,SKU_001,51.69,7,69.39,0.0
2025-02-13,SKU_001,52.79,7,69.39,0.0
2025-02-14,SKU_001,49.19,7,69.39,0.0
2025-02-15,SKU_001,42.13,7,69.39,0.0
2025-02-16,SKU_001,38.04,7,69.39,0.0
2025-02-17,SKU_001,43.41,7,69.39,0.0
2025-02-18,SKU_001,54.21,7,69.39,0.0
2025-02-19,SKU_001,52.06,7,69.39,0.0
2025-02-20,SKU_001,49.44,7,69.39,0.0
2025-02-21,SKU_001,42.79,7,69.39,0.0
2025-02-22,SKU_001,40.02,7,69.39,0.0
2025-02-23,SKU_001,48.15,7,69.39,0.0
2025-02-24,SKU_001,50.44,7,69.39,0.0
2025-02-25,SKU_001,50.23,7,69.39,0.0
2025-02-26,SKU_001,53.86,7,69.39,0.0
2025-02-27,SKU_001,51.8,7,69.39,0.0
2025-02-28,SKU_001,52.94,7,69.39,0.0
2025-03-01,SKU_001,39.73,7,69.39,0.0
2025-03-02,SKU_001,45.67,7,69.39,0.0
2025-03-03,SKU_001,52.04,7,69.39,0.0
2025-03-04,SKU_001,58.46,7,69.39,0.0
2025-03-05,SKU_001,51.01,7,69.39,0.0
2025-03-06,SKU_001,49.31,7,69.39,0.0
2025-03-07,SKU_001,49.07,7,69.39,0.0
2025-03-08,SKU_001,37.94,7,69.39,0.0
2025-03-09,SKU_001,46.04,7,69.39,0.0
2025-03-10,SKU_001,56.68,7,69.39,0.0
2025-03-11,SKU_001,54.26,7,69.39,0.0
2025-03-12,SKU_001,45.04,7,69.39,0.0
2025-03-13,SKU_001,47.62,7,69.39,0.0
2025-03-14,SKU_001,44.08,7,69.39,0.0
2025-03-15,SKU_001,48.09,7,69.39,0.0
2025-03-16,SKU_001,44.15,7,69.39,0.0
2025-03-17,SKU_001,42.0,7,69.39,0.0
2025-03-18,SKU_001,52.39,7,69.39,0.0
2025-03-19,SKU_001,54.09,7,69.39,0.0
2025-03-20,SKU_001,48.87,7,69.39,0.0
2025-03-21,SKU_001,42.67,7,69.39,0.0
2025-03-22,SKU_001,52.34,7,69.39,0.0
2025-03-23,SKU_001,48.14,7,69.39,0.0
2025-03-24,SKU_001,52.42,7,69.39,0.0
2025-03-25,SKU_001,51.98,7,69.39,0.0
2025-03-26,SKU_001,50.95,7,69.39,0.0
2025-03-27,SKU_001,49.05,7,69.39,0.0
2025-03-28,SKU_001,41.42,7,69.39,0.0
2025-03-29,SKU_001,50.14,7,69.39,0.0
2025-03-30,SKU_001,44.31,7,69.39,0.0
2025-03-31,SKU_001,53.92,7,69.39,0.0
2025-04-01,SKU_001,50.96,7,69.39,0.0
2025-04-02,SKU_001,55.29,7,69.39,0.0
2025-04-03,SKU_001,51.6,7,69.39,0.0
2025-04-04,SKU_001,41.06,7,69.39,0.0
2025-04-05,SKU_001,50.72,7,69.39,0.0
2025-04-06,SKU_001,43.26,7,69.39,0.0
2025-04-07,SKU_001,44.27,7,69.39,0.0
2025-04-08,SKU_001,55.18,7,69.39,0.0
2025-04-09,SKU_001,53.55,7,69.39,0.0
2025-04-10,SKU_001,52.22,7,69.39,0.0
2025-04-11,SKU_001,46.89,7,69.39,0.0
2025-04-12,SKU_001,35.62,7,69.39,0.0
2025-04-13,SKU_001,41.42,7,69.39,0.0
2025-04-14,SKU_001,45.19,7,69.39,0.0
2025-04-15,SKU_001,56.27,7,69.39,0.0
2025-04-16,SKU_001,53.69,7,69.39,0.0
2025-04-17,SKU_001,52.82,7,69.39,0.0
2025-04-18,SKU_001,45.22,7,69.39,0.0
2025-04-19,SKU_001,45.98,7,69.39,0.0
2025-04-20,SKU_001,44.17,7,69.39,0.0
2025-04-21,SKU_001,47.8,7,69.39,0.0
2025-04-22,SKU_001,53.31,7,69.39,0.0
2025-04-23,SKU_001,53.93,7,69.39,0.0
2025-04-24,SKU_001,60.94,7,69.39,0.0
2025-04-25,SKU_001,43.12,7,69.39,0.0
2025-04-26,SKU_001,37.97,7,69.39,0.0
2025-04-27,SKU_001,46.05,7,69.39,0.0
2025-04-28,SKU_001,45.78,7,69.39,0.0
2025-04-29,SKU_001,44.02,7,69.39,0.0
2025-04-30,SKU_001,49.32,7,69.39,0.0
2025-01-01,SKU_002,49.53,6,35.94,173.55
2025-01-02,SKU_002,35.29,6,35.94,146.71
2025-01-03,SKU_002,46.5,6,35.94,106.04
2025-01-04,SKU_002,30.89,6,35.94,87.95
2025-01-05,SKU_002,47.87,6,35.94,43.88
2025-01-06,SKU_002,38.68,6,35.94,9.95
2025-01-07,SKU_002,50.98,6,35.94,0.0
2025-01-08,SKU_002,44.05,6,35.94,0.0
2025-01-09,SKU_002,44.06,6,35.94,0.0
2025-01-10,SKU_002,37.45,6,35.94,0.0
2025-01-11,SKU_002,34.33,6,35.94,0.0
2025-01-12,SKU_002,37.17,6,35.94,0.0
2025-01-13,SKU_002,42.04,6,35.94,0.0
2025-01-14,SKU_002,44.69,6,35.94,0.0
2025-01-15,SKU_002,45.24,6,35.94,0.0
2025-01-16,SKU_002,39.44,6,35.94,0.0
2025-01-17,SKU_002,37.6,6,35.94,0.0
2025-01-18,SKU_002,41.57,6,35.94,0.0
2025-01-19,SKU_002,33.19,6,35.94,0.0
2025-01-20,SKU_002,41.2,6,35.94,0.0
2025-01-21,SKU_002,48.83,6,35.94,0.0
2025-01-22,SKU_002,46.95,6,35.94,0.0
2025-01-23,SKU_002,46.03,6,35.94,0.0
2025-01-24,SKU_002,33.54,6,35.94,0.0
2025-01-25,SKU_002,36.34,6,35.94,0.0
2025-01-26,SKU_002,35.08,6,35.94,0.0
2025-01-27,SKU_002,39.15,6,35.94,0.0
2025-01-28,SKU_002,49.95,6,35.94,0.0
2025-01-29,SKU_002,44.08,6,35.94,0.0
2025-01-30,SKU_002,43.51,6,35.94,0.0
2025-01-31,SKU_002,30.96,6,35.94,0.0
2025-02-01,SKU_002,42.19,6,35.94,0.0
2025-02-02,SKU_002,39.7,6,35.94,0.0
2025-02-03,SKU_002,39.91,6,35.94,0.0
2025-02-04,SKU_002,42.73,6,35.94,0.0
2025-02-05,SKU_002,47.36,6,35.94,0.0
2025-02-06,SKU_002,47.03,6,35.94,0.0
2025-02-07,SKU_002,44.96,6,35.94,0.0
2025-02-08,SKU_002,38.59,6,35.94,0.0
2025-02-09,SKU_002,36.51,6,35.94,0.0
2025-02-10,SKU_002,44.11,6,35.94,0.0
2025-02-11,SKU_002,47.19,6,35.94,0.0
2025-02-12,SKU_002,45.31,6,35.94,0.0
2025-02-13,SKU_002,45.33,6,35.94,0.0
2025-02-14,SKU_002,40.91,6,35.94,0.0
2025-02-15,SKU_002,35.01,6,35.94,0.0
2025-02-16,SKU_002,34.17,6,35.94,0.0
2025-02-17,SKU_002,42.71,6,35.94,0.0
2025-02-18,SKU_002,40.01,6,35.94,0.0
2025-02-19,SKU_002,40.16,6,35.94,0.0
2025-02-20,SKU_002,43.57,6,35.94,0.0
2025-02-21,SKU_002,40.42,6,35.94,0.0
2025-02-22,SKU_002,36.5,6,35.94,0.0
2025-02-23,SKU_002,37.9,6,35.94,0.0
2025-02-24,SKU_002,31.9,6,35.94,0.0
2025-02-25,SKU_002,46.43,6,35.94,0.0
2025-02-26,SKU_002,50.93,6,35.94,0.0
2025-02-27,SKU_002,45.71,6,35.94,0.0
2025-02-28,SKU_002,41.24,6,35.94,0.0
2025-03-01,SKU_002,36.21,6,35.94,0.0
2025-03-02,SKU_002,37.33,6,35.94,0.0
2025-03-03,SKU_002,39.57,6,35.94,0.0
2025-03-04,SKU_002,45.6,6,35.94,0.0
2025-03-05,SKU_002,40.8,6,35.94,0.0
2025-03-06,SKU_002,48.25,6,35.94,0.0
2025-03-07,SKU_002,34.7,6,35.94,0.0
2025-03-08,SKU_002,38.66,6,35.94,0.0
2025-03-09,SKU_002,41.56,6,35.94,0.0
2025-03-10,SKU_002,43.52,6,35.94,0.0
2025-03-11,SKU_002,53.38,6,35.94,0.0
2025-03-12,SKU_002,37.02,6,35.94,0.0
2025-03-13,SKU_002,40.49,6,35.94,0.0
2025-03-14,SKU_002,43.22,6,35.94,0.0
2025-03-15,SKU_002,30.27,6,35.94,0.0
2025-03-16,SKU_002,33.07,6,35.94,0.0
2025-03-17,SKU_002,42.25,6,35.94,0.0
2025-03-18,SKU_002,38.41,6,35.94,0.0
2025-03-19,SKU_002,45.25,6,35.94,0.0
2025-03-20,SKU_002,44.16,6,35.94,0.0
2025-03-21,SKU_002,38.54,6,35.94,0.0
2025-03-22,SKU_002,36.2,6,35.94,0.0
2025-03-23,SKU_002,33.43,6,35.94,0.0
2025-03-24,SKU_002,40.94,6,35.94,0.0
2025-03-25,SKU_002,42.49,6,35.94,0.0
2025-03-26,SKU_002,43.97,6,35.94,0.0
2025-03-27,SKU_002,45.64,6,35.94,0.0
2025-03-28,SKU_002,32.8,6,35.94,0.0
2025-03-29,SKU_002,25.95,6,35.94,0.0
2025-03-30,SKU_002,39.24,6,35.94,0.0
2025-03-31,SKU_002,40.95,6,35.94,0.0
2025-04-01,SKU_002,49.38,6,35.94,0.0
2025-04-02,SKU_002,41.95,6,35.94,0.0
2025-04-03,SKU_002,41.93,6,35.94,0.0
2025-04-04,SKU_002,38.35,6,35.94,0.0
2025-04-05,SKU_002,32.9,6,35.94,0.0
2025-04-06,SKU_002,32.69,6,35.94,0.0
2025-04-07,SKU_002,43.37,6,35.94,0.0
2025-04-08,SKU_002,38.54,6,35.94,0.0
2025-04-09,SKU_002,40.87,6,35.94,0.0
2025-04-10,SKU_002,41.8,6,35.94,0.0
2025-04-11,SKU_002,41.7,6,35.94,0.0
2025-04-12,SKU_002,33.15,6,35.94,0.0
2025-04-13,SKU_002,33.63,6,35.94,0.0
2025-04-14,SKU_002,39.4,6,35.94,0.0
2025-04-15,SKU_002,45.51,6,35.94,0.0
2025-04-16,SKU_002,43.66,6,35.94,0.0
2025-04-17,SKU_002,46.59,6,35.94,0.0
2025-04-18,SKU_002,42.44,6,35.94,0.0
2025-04-19,SKU_002,34.76,6,35.94,0.0
2025-04-20,SKU_002,44.05,6,35.94,0.0
2025-04-21,SKU_002,40.43,6,35.94,0.0
2025-04-22,SKU_002,48.37,6,35.94,0.0
2025-04-23,SKU_002,46.36,6,35.94,0.0
2025-04-24,SKU_002,43.58,6,35.94,0.0
2025-04-25,SKU_002,31.63,6,35.94,0.0
2025-04-26,SKU_002,30.81,6,35.94,0.0
2025-04-27,SKU_002,35.07,6,35.94,0.0
2025-04-28,SKU_002,44.58,6,35.94,0.0
2025-04-29,SKU_002,45.46,6,35.94,0.0
2025-04-30,SKU_002,43.89,6,35.94,0.0
2025-01-01,SKU_003,30.71,4,46.19,206.04
2025-01-02,SKU_003,28.87,4,46.19,189.01
2025-01-03,SKU_003,24.01,4,46.19,179.06
2025-01-04,SKU_003,20.71,4,46.19,167.59
2025-01-05,SKU_003,18.78,4,46.19,155.58
2025-01-06,SKU_003,22.4,4,46.19,142.11
2025-01-07,SKU_003,32.17,4,46.19,113.8
2025-01-08,SKU_003,35.03,4,46.19,82.44
2025-01-09,SKU_003,26.84,4,46.19,62.61
2025-01-10,SKU_003,22.41,4,46.19,46.98
2025-01-11,SKU_003,13.61,4,46.19,36.54
2025-01-12,SKU_003,13.94,4,46.19,35.88
2025-01-13,SKU_003,31.27,4,46.19,9.46
2025-01-14,SKU_003,26.84,4,46.19,0.0
2025-01-15,SKU_003,18.83,4,46.19,0.0
2025-01-16,SKU_003,37.66,4,46.19,0.0
2025-01-17,SKU_003,21.4,4,46.19,0.0
2025-01-18,SKU_003,14.69,4,46.19,0.0
2025-01-19,SKU_003,22.3,4,46.19,0.0
2025-01-20,SKU_003,28.97,4,46.19,0.0
2025-01-21,SKU_003,32.39,4,46.19,0.0
2025-01-22,SKU_003,34.28,4,46.19,0.0
2025-01-23,SKU_003,24.1,4,46.19,0.0
2025-01-24,SKU_003,28.98,4,46.19,0.0
2025-01-25,SKU_003,26.55,4,46.19,0.0
2025-01-26,SKU_003,27.72,4,46.19,0.0
2025-01-27,SKU_003,26.84,4,46.19,0.0
2025-01-28,SKU_003,28.27,4,46.19,0.0
2025-01-29,SKU_003,28.89,4,46.19,0.0
2025-01-30,SKU_003,21.72,4,46.19,0.0
2025-01-31,SKU_003,21.49,4,46.19,0.0
2025-02-01,SKU_003,11.36,4,46.19,0.0
2025-02-02,SKU_003,15.16,4,46.19,0.0
2025-02-03,SKU_003,26.8,4,46.19,0.0
2025-02-04,SKU_003,28.71,4,46.19,0.0
2025-02-05,SKU_003,31.5,4,46.19,0.0
2025-02-06,SKU_003,30.81,4,46.19,0.0
2025-02-07,SKU_003,25.18,4,46.19,0.0
2025-02-08,SKU_003,22.12,4,46.19,0.0
2025-02-09,SKU_003,21.55,4,46.19,0.0
2025-02-10,SKU_003,22.8,4,46.19,0.0
2025-02-11,SKU_003,24.74,4,46.19,0.0
2025-02-12,SKU_003,28.63,4,46.19,0.0
2025-02-13,SKU_003,27.7,4,46.19,0.0
2025-02-14,SKU_003,23.85,4,46.19,0.0
2025-02-15,SKU_003,24.54,4,46.19,0.0
2025-02-16,SKU_003,21.26,4,46.19,0.0
2025-02-17,SKU_003,28.0,4,46.19,0.0
2025-02-18,SKU_003,23.93,4,46.19,0.0
2025-02-19,SKU_003,31.73,4,46.19,0.0
2025-02-20,SKU_003,28.74,4,46.19,0.0
2025-02-21,SKU_003,28.99,4,46.19,0.0
2025-02-22,SKU_003,19.93,4,46.19,0.0
2025-02-23,SKU_003,12.26,4,46.19,2.3
2025-02-24,SKU_003,24.64,4,46.19,0.0
2025-02-25,SKU_003,32.58,4,46.19,0.0
2025-02-26,SKU_003,25.98,4,46.19,0.0
2025-02-27,SKU_003,28.92,4,46.19,0.0
2025-02-28,SKU_003,18.75,4,46.19,0.0
2025-03-01,SKU_003,28.22,4,46.19,0.0
2025-03-02,SKU_003,20.21,4,46.19,0.0
2025-03-03,SKU_003,20.69,4,46.19,0.0
2025-03-04,SKU_003,27.64,4,46.19,0.0
2025-03-05,SKU_003,31.65,4,46.19,0.0
2025-03-06,SKU_003,30.04,4,46.19,0.0
2025-03-07,SKU_003,28.74,4,46.19,0.0
2025-03-08,SKU_003,18.39,4,46.19,0.0
2025-03-09,SKU_003,24.95,4,46.19,0.0
2025-03-10,SKU_003,19.07,4,46.19,0.0
2025-03-11,SKU_003,25.58,4,46.19,0.0
2025-03-12,SKU_003,24.99,4,46.19,0.0
2025-03-13,SKU_003,24.75,4,46.19,0.0
2025-03-14,SKU_003,26.5,4,46.19,0.0
2025-03-15,SKU_003,18.48,4,46.19,0.0
2025-03-16,SKU_003,20.14,4,46.19,0.0
2025-03-17,SKU_003,26.89,4,46.19,0.0
2025-03-18,SKU_003,31.6,4,46.19,0.0
2025-03-19,SKU_003,29.04,4,46.19,0.0
2025-03-20,SKU_003,23.82,4,46.19,0.0
2025-03-21,SKU_003,30.09,4,46.19,0.0
2025-03-22,SKU_003,19.31,4,46.19,0.0
2025-03-23,SKU_003,20.66,4,46.19,0.0
2025-03-24,SKU_003,25.05,4,46.19,0.0
2025-03-25,SKU_003,32.04,4,46.19,0.0
2025-03-26,SKU_003,24.71,4,46.19,0.0
2025-03-27,SKU_003,36.19,4,46.19,0.0
2025-03-28,SKU_003,22.29,4,46.19,0.0
2025-03-29,SKU_003,23.4,4,46.19,0.0
2025-03-30,SKU_003,16.82,4,46.19,0.0
2025-03-31,SKU_003,26.47,4,46.19,0.0
2025-04-01,SKU_003,37.11,4,46.19,0.0
2025-04-02,SKU_003,37.36,4,46.19,0.0
2025-04-03,SKU_003,30.33,4,46.19,0.0
2025-04-04,SKU_003,20.17,4,46.19,0.0
2025-04-05,SKU_003,25.79,4,46.19,0.0
2025-04-06,SKU_003,15.13,4,46.19,0.0
2025-04-07,SKU_003,22.2,4,46.19,0.0
2025-04-08,SKU_003,29.39,4,46.19,0.0
2025-04-09,SKU_003,24.22,4,46.19,0.0
2025-04-10,SKU_003,25.89,4,46.19,0.0
2025-04-11,SKU_003,26.78,4,46.19,0.0
2025-04-12,SKU_003,18.08,4,46.19,0.0
2025-04-13,SKU_003,25.24,4,46.19,0.0
2025-04-14,SKU_003,35.34,4,46.19,0.0
2025-04-15,SKU_003,31.27,4,46.19,0.0
2025-04-16,SKU_003,33.95,4,46.19,0.0
2025-04-17,SKU_003,32.99,4,46.19,0.0
2025-04-18,SKU_003,21.9,4,46.19,0.0
2025-04-19,SKU_003,24.1,4,46.19,0.0
2025-04-20,SKU_003,20.07,4,46.19,0.0
2025-04-21,SKU_003,27.07,4,46.19,0.0
2025-04-22,SKU_003,33.53,4,46.19,0.0
2025-04-23,SKU_003,27.38,4,46.19,0.0
2025-04-24,SKU_003,18.7,4,46.19,0.0
2025-04-25,SKU_003,19.98,4,46.19,0.0
2025-04-26,SKU_003,25.39,4,46.19,0.0
2025-04-27,SKU_003,17.78,4,46.19,0.0
2025-04-28,SKU_003,30.01,4,46.19,0.0
2025-04-29,SKU_003,26.08,4,46.19,0.0
2025-04-30,SKU_003,29.8,4,46.19,0.0
2025-01-01,SKU_004,14.91,8,13.41,353.02
2025-01-02,SKU_004,7.39,8,13.41,352.63
2025-01-03,SKU_004,10.66,8,13.41,354.34
2025-01-04,SKU_004,1.12,8,13.41,359.34
2025-01-05,SKU_004,10.69,8,13.41,354.57
2025-01-06,SKU_004,4.1,8,13.41,361.67
2025-01-07,SKU_004,19.84,8,13.41,348.8
2025-01-08,SKU_004,18.03,8,13.41,334.36
2025-01-09,SKU_004,7.77,8,13.41,338.12
2025-01-10,SKU_004,8.15,8,13.41,333.54
2025-01-11,SKU_004,4.46,8,13.41,343.11
2025-01-12,SKU_004,6.81,8,13.41,341.56
2025-01-13,SKU_004,13.31,8,13.41,332.58
2025-01-14,SKU_004,5.0,8,13.41,333.48
2025-01-15,SKU_004,19.71,8,13.41,323.85
2025-01-16,SKU_004,4.81,8,13.41,322.09
2025-01-17,SKU_004,11.64,8,13.41,320.89
2025-01-18,SKU_004,7.27,8,13.41,325.89
2025-01-19,SKU_004,2.6,8,13.41,329.34
2025-01-20,SKU_004,8.89,8,13.41,328.91
2025-01-21,SKU_004,22.19,8,13.41,321.53
2025-01-22,SKU_004,19.5,8,13.41,314.79
2025-01-23,SKU_004,15.67,8,13.41,311.71
2025-01-24,SKU_004,9.68,8,13.41,307.62
2025-01-25,SKU_004,7.75,8,13.41,306.68
2025-01-26,SKU_004,8.72,8,13.41,301.32
2025-01-27,SKU_004,2.95,8,13.41,301.6
2025-01-28,SKU_004,11.77,8,13.41,301.53
2025-01-29,SKU_004,21.68,8,13.41,291.71
2025-01-30,SKU_004,17.69,8,13.41,287.7
2025-01-31,SKU_004,13.32,8,13.41,278.9
2025-02-01,SKU_004,6.02,8,13.41,284.2
2025-02-02,SKU_004,7.76,8,13.41,285.52
2025-02-03,SKU_004,4.87,8,13.41,283.7
2025-02-04,SKU_004,13.67,8,13.41,284.94
2025-02-05,SKU_004,18.53,8,13.41,270.93
2025-02-06,SKU_004,13.25,8,13.41,271.25
2025-02-07,SKU_004,7.1,8,13.41,274.61
2025-02-08,SKU_004,4.6,8,13.41,273.61
2025-02-09,SKU_004,1.17,8,13.41,278.97
2025-02-10,SKU_004,11.65,8,13.41,280.36
2025-02-11,SKU_004,13.5,8,13.41,277.01
2025-02-12,SKU_004,19.19,8,13.41,271.3
2025-02-13,SKU_004,12.41,8,13.41,269.22
2025-02-14,SKU_004,3.58,8,13.41,273.4
2025-02-15,SKU_004,6.73,8,13.41,278.38
2025-02-16,SKU_004,10.57,8,13.41,279.91
2025-02-17,SKU_004,5.11,8,13.41,282.83
2025-02-18,SKU_004,14.86,8,13.41,271.12
2025-02-19,SKU_004,12.65,8,13.41,267.72
2025-02-20,SKU_004,10.24,8,13.41,261.61
2025-02-21,SKU_004,9.16,8,13.41,260.19
2025-02-22,SKU_004,6.18,8,13.41,258.8
2025-02-23,SKU_004,1.62,8,13.41,262.32
2025-02-24,SKU_004,15.83,8,13.41,259.8
2025-02-25,SKU_004,15.26,8,13.41,250.08
2025-02-26,SKU_004,6.49,8,13.41,255.39
2025-02-27,SKU_004,12.37,8,13.41,250.57
2025-02-28,SKU_004,7.44,8,13.41,255.02
2025-03-01,SKU_004,0.0,8,13.41,267.42
2025-03-02,SKU_004,12.42,8,13.41,259.26
2025-03-03,SKU_004,8.56,8,13.41,264.08
2025-03-04,SKU_004,10.41,8,13.41,257.86
2025-03-05,SKU_004,20.67,8,13.41,249.12
2025-03-06,SKU_004,10.91,8,13.41,252.96
2025-03-07,SKU_004,8.06,8,13.41,256.54
2025-03-08,SKU_004,4.84,8,13.41,259.44
2025-03-09,SKU_004,7.64,8,13.41,262.11
2025-03-10,SKU_004,13.49,8,13.41,256.53
2025-03-11,SKU_004,17.87,8,13.41,252.88
2025-03-12,SKU_004,13.0,8,13.41,245.25
2025-03-13,SKU_004,12.38,8,13.41,240.6
2025-03-14,SKU_004,7.97,8,13.41,237.58
2025-03-15,SKU_004,6.91,8,13.41,237.75
2025-03-16,SKU_004,8.84,8,13.41,234.83
2025-03-17,SKU_004,4.31,8,13.41,242.56
2025-03-18,SKU_004,14.33,8,13.41,234.57
2025-03-19,SKU_004,18.28,8,13.41,221.52
2025-03-20,SKU_004,10.62,8,13.41,219.51
2025-03-21,SKU_004,7.73,8,13.41,215.33
2025-03-22,SKU_004,1.18,8,13.41,228.66
2025-03-23,SKU_004,6.43,8,13.41,231.18
2025-03-24,SKU_004,2.25,8,13.41,234.96
2025-03-25,SKU_004,13.11,8,13.41,234.03
2025-03-26,SKU_004,14.85,8,13.41,233.01
2025-03-27,SKU_004,16.04,8,13.41,231.75
2025-03-28,SKU_004,3.23,8,13.41,232.39
2025-03-29,SKU_004,6.36,8,13.41,232.68
2025-03-30,SKU_004,4.45,8,13.41,232.39
2025-03-31,SKU_004,3.27,8,13.41,239.53
2025-04-01,SKU_004,11.76,8,13.41,232.75
2025-04-02,SKU_004,15.11,8,13.41,222.56
2025-04-03,SKU_004,16.45,8,13.41,216.12
2025-04-04,SKU_004,4.46,8,13.41,218.21
2025-04-05,SKU_004,0.0,8,13.41,226.07
2025-04-06,SKU_004,6.58,8,13.41,231.75
2025-04-07,SKU_004,16.44,8,13.41,229.61
2025-04-08,SKU_004,22.23,8,13.41,221.13
2025-04-09,SKU_004,9.85,8,13.41,217.46
2025-04-10,SKU_004,7.95,8,13.41,214.67
2025-04-11,SKU_004,9.5,8,13.41,213.56
2025-04-12,SKU_004,2.72,8,13.41,222.37
2025-04-13,SKU_004,10.8,8,13.41,225.06
2025-04-14,SKU_004,6.23,8,13.41,228.2
2025-04-15,SKU_004,19.45,8,13.41,214.69
2025-04-16,SKU_004,13.69,8,13.41,215.28
2025-04-17,SKU_004,12.73,8,13.41,214.88
2025-04-18,SKU_004,7.25,8,13.41,216.52
2025-04-19,SKU_004,4.53,8,13.41,221.43
2025-04-20,SKU_004,5.24,8,13.41,220.76
2025-04-21,SKU_004,10.11,8,13.41,225.08
2025-04-22,SKU_004,18.65,8,13.41,220.87
2025-04-23,SKU_004,16.2,8,13.41,214.33
2025-04-24,SKU_004,7.65,8,13.41,212.72
2025-04-25,SKU_004,11.67,8,13.41,205.47
2025-04-26,SKU_004,6.05,8,13.41,206.27
2025-04-27,SKU_004,8.14,8,13.41,206.71
2025-04-28,SKU_004,11.24,8,13.41,204.86
2025-04-29,SKU_004,15.34,8,13.41,204.38
2025-04-30,SKU_004,16.49,8,13.41,199.79
2025-01-01,SKU_005,35.46,8,74.05,174.06
2025-01-02,SKU_005,33.67,8,74.05,150.86
2025-01-03,SKU_005,31.26,8,74.05,132.12
2025-01-04,SKU_005,35.03,8,74.05,111.18
2025-01-05,SKU_005,25.52,8,74.05,96.33
2025-01-06,SKU_005,33.3,8,74.05,77.95
2025-01-07,SKU_005,36.32,8,74.05,45.37
2025-01-08,SKU_005,42.01,8,74.05,7.91
2025-01-09,SKU_005,34.48,8,74.05,0.0
2025-01-10,SKU_005,32.16,8,74.05,0.0
2025-01-11,SKU_005,24.56,8,74.05,0.0
2025-01-12,SKU_005,33.95,8,74.05,0.0
2025-01-13,SKU_005,27.77,8,74.05,0.0
2025-01-14,SKU_005,39.2,8,74.05,0.0
2025-01-15,SKU_005,39.23,8,74.05,0.0
2025-01-16,SKU_005,37.1,8,74.05,0.0
2025-01-17,SKU_005,25.65,8,74.05,0.0
2025-01-18,SKU_005,27.35,8,74.05,0.0
2025-01-19,SKU_005,33.01,8,74.05,0.0
2025-01-20,SKU_005,40.62,8,74.05,0.0
2025-01-21,SKU_005,36.91,8,74.05,0.0
2025-01-22,SKU_005,41.38,8,74.05,0.0
2025-01-23,SKU_005,36.13,8,74.05,0.0
2025-01-24,SKU_005,31.03,8,74.05,0.0
2025-01-25,SKU_005,26.91,8,74.05,0.0
2025-01-26,SKU_005,29.54,8,74.05,0.0
2025-01-27,SKU_005,36.12,8,74.05,0.0
2025-01-28,SKU_005,40.37,8,74.05,0.0
2025-01-29,SKU_005,33.37,8,74.05,0.0
2025-01-30,SKU_005,33.6,8,74.05,0.0
2025-01-31,SKU_005,27.09,8,74.05,0.0
2025-02-01,SKU_005,28.77,8,74.05,0.0
2025-02-02,SKU_005,28.18,8,74.05,0.0
2025-02-03,SKU_005,34.8,8,74.05,0.0
2025-02-04,SKU_005,38.99,8,74.05,0.0
2025-02-05,SKU_005,29.88,8,74.05,0.0
2025-02-06,SKU_005,26.89,8,74.05,0.0
2025-02-07,SKU_005,31.25,8,74.05,0.0
2025-02-08,SKU_005,33.31,8,74.05,0.0
2025-02-09,SKU_005,27.53,8,74.05,0.0
2025-02-10,SKU_005,31.33,8,74.05,0.0
2025-02-11,SKU_005,41.29,8,74.05,0.0
2025-02-12,SKU_005,41.54,8,74.05,0.0
2025-02-13,SKU_005,31.79,8,74.05,0.0
2025-02-14,SKU_005,34.06,8,74.05,0.0
2025-02-15,SKU_005,25.51,8,74.05,0.0
2025-02-16,SKU_005,27.38,8,74.05,0.0
2025-02-17,SKU_005,29.62,8,74.05,0.0
2025-02-18,SKU_005,32.38,8,74.05,0.0
2025-02-19,SKU_005,38.75,8,74.05,0.0
2025-02-20,SKU_005,30.1,8,74.05,0.0
2025-02-21,SKU_005,31.87,8,74.05,0.0
2025-02-22,SKU_005,29.04,8,74.05,0.0
2025-02-23,SKU_005,28.91,8,74.05,0.0
2025-02-24,SKU_005,31.61,8,74.05,0.0
2025-02-25,SKU_005,34.77,8,74.05,0.0
2025-02-26,SKU_005,34.02,8,74.05,0.0
2025-02-27,SKU_005,41.39,8,74.05,0.0
2025-02-28,SKU_005,30.48,8,74.05,0.0
2025-03-01,SKU_005,27.65,8,74.05,0.0
2025-03-02,SKU_005,25.88,8,74.05,0.0
2025-03-03,SKU_005,38.71,8,74.05,0.0
2025-03-04,SKU_005,35.0,8,74.05,0.0
2025-03-05,SKU_005,39.29,8,74.05,0.0
2025-03-06,SKU_005,37.34,8,74.05,0.0
2025-03-07,SKU_005,31.71,8,74.05,0.0
2025-03-08,SKU_005,22.97,8,74.05,0.0
2025-03-09,SKU_005,32.14,8,74.05,0.0
2025-03-10,SKU_005,31.05,8,74.05,0.0
2025-03-11,SKU_005,40.53,8,74.05,0.0
2025-03-12,SKU_005,35.69,8,74.05,0.0
2025-03-13,SKU_005,35.34,8,74.05,0.0
2025-03-14,SKU_005,33.25,8,74.05,0.0
2025-03-15,SKU_005,33.53,8,74.05,0.0
2025-03-16,SKU_005,31.99,8,74.05,0.0
2025-03-17,SKU_005,35.52,8,74.05,0.0
2025-03-18,SKU_005,40.15,8,74.05,0.0
2025-03-19,SKU_005,35.13,8,74.05,0.0
2025-03-20,SKU_005,38.97,8,74.05,0.0
2025-03-21,SKU_005,30.18,8,74.05,0.0
2025-03-22,SKU_005,27.6,8,74.05,0.0
2025-03-23,SKU_005,29.84,8,74.05,0.0
2025-03-24,SKU_005,31.99,8,74.05,0.0
2025-03-25,SKU_005,33.39,8,74.05,0.0
2025-03-26,SKU_005,38.33,8,74.05,0.0
2025-03-27,SKU_005,34.66,8,74.05,0.0
2025-03-28,SKU_005,30.19,8,74.05,0.0
2025-03-29,SKU_005,28.17,8,74.05,0.0
2025-03-30,SKU_005,21.14,8,74.05,0.0
2025-03-31,SKU_005,32.39,8,74.05,0.0
2025-04-01,SKU_005,42.87,8,74.05,0.0
2025-04-02,SKU_005,43.47,8,74.05,0.0
2025-04-03,SKU_005,35.76,8,74.05,0.0
2025-04-04,SKU_005,31.28,8,74.05,0.0
2025-04-05,SKU_005,19.28,8,74.05,0.0
2025-04-06,SKU_005,27.36,8,74.05,0.0
2025-04-07,SKU_005,36.2,8,74.05,0.0
2025-04-08,SKU_005,35.81,8,74.05,0.0
2025-04-09,SKU_005,42.43,8,74.05,0.0
2025-04-10,SKU_005,39.46,8,74.05,0.0
2025-04-11,SKU_005,29.02,8,74.05,0.0
2025-04-12,SKU_005,29.01,8,74.05,0.0
2025-04-13,SKU_005,35.42,8,74.05,0.0
2025-04-14,SKU_005,27.77,8,74.05,0.0
2025-04-15,SKU_005,35.89,8,74.05,0.0
2025-04-16,SKU_005,32.28,8,74.05,0.0
2025-04-17,SKU_005,32.16,8,74.05,0.0
2025-04-18,SKU_005,38.48,8,74.05,0.0
2025-04-19,SKU_005,27.11,8,74.05,0.0
2025-04-20,SKU_005,21.9,8,74.05,0.0
2025-04-21,SKU_005,29.45,8,74.05,0.0
2025-04-22,SKU_005,30.95,8,74.05,0.0
2025-04-23,SKU_005,38.91,8,74.05,0.0
2025-04-24,SKU_005,37.28,8,74.05,0.0
2025-04-25,SKU_005,34.69,8,74.05,0.0
2025-04-26,SKU_005,31.09,8,74.05,0.0
2025-04-27,SKU_005,24.02,8,74.05,0.0
2025-04-28,SKU_005,34.9,8,74.05,0.0
2025-04-29,SKU_005,36.78,8,74.05,0.0
2025-04-30,SKU_005,42.34,8,74.05,0.0
2025-01-01,SKU_006,12.94,4,21.14,273.95
2025-01-02,SKU_006,21.08,4,21.14,257.06
2025-01-03,SKU_006,5.51,4,21.14,259.61
2025-01-04,SKU_006,9.78,4,21.14,254.45
2025-01-05,SKU_006,6.46,4,21.14,254.83
2025-01-06,SKU_006,10.12,4,21.14,248.37
2025-01-07,SKU_006,26.01,4,21.14,228.54
2025-01-08,SKU_006,21.4,4,21.14,212.61
2025-01-09,SKU_006,14.4,4,21.14,212.36
2025-01-10,SKU_006,0.2,4,21.14,216.45
2025-01-11,SKU_006,0.86,4,21.14,226.03
2025-01-12,SKU_006,4.28,4,21.14,234.97
2025-01-13,SKU_006,12.8,4,21.14,235.02
2025-01-14,SKU_006,18.53,4,21.14,231.45
2025-01-15,SKU_006,14.25,4,21.14,225.02
2025-01-16,SKU_006,18.06,4,21.14,221.34
2025-01-17,SKU_006,13.04,4,21.14,220.97
2025-01-18,SKU_006,5.9,4,21.14,229.82
2025-01-19,SKU_006,4.33,4,21.14,234.41
2025-01-20,SKU_006,3.84,4,21.14,238.15
2025-01-21,SKU_006,18.19,4,21.14,229.97
2025-01-22,SKU_006,17.96,4,21.14,218.87
2025-01-23,SKU_006,17.62,4,21.14,205.49
2025-01-24,SKU_006,15.91,4,21.14,199.65
2025-01-25,SKU_006,14.83,4,21.14,192.72
2025-01-26,SKU_006,13.24,4,21.14,190.07
2025-01-27,SKU_006,11.33,4,21.14,192.94
2025-01-28,SKU_006,16.2,4,21.14,183.7
2025-01-29,SKU_006,21.72,4,21.14,171.79
2025-01-30,SKU_006,11.96,4,21.14,170.74
2025-01-31,SKU_006,7.9,4,21.14,169.69
2025-02-01,SKU_006,11.2,4,21.14,166.03
2025-02-02,SKU_006,16.02,4,21.14,155.0
2025-02-03,SKU_006,16.97,4,21.14,145.7
2025-02-04,SKU_006,20.07,4,21.14,135.38
2025-02-05,SKU_006,17.65,4,21.14,123.82
2025-02-06,SKU_006,11.8,4,21.14,126.15
2025-02-07,SKU_006,13.41,4,21.14,123.77
2025-02-08,SKU_006,14.25,4,21.14,123.87
2025-02-09,SKU_006,7.57,4,21.14,130.39
2025-02-10,SKU_006,10.48,4,21.14,122.97
2025-02-11,SKU_006,14.48,4,21.14,119.65
2025-02-12,SKU_006,19.3,4,21.14,103.67
2025-02-13,SKU_006,19.92,4,21.14,96.97
2025-02-14,SKU_006,2.75,4,21.14,102.81
2025-02-15,SKU_006,8.34,4,21.14,106.91
2025-02-16,SKU_006,3.76,4,21.14,116.7
2025-02-17,SKU_006,20.99,4,21.14,105.49
2025-02-18,SKU_006,17.56,4,21.14,92.85
2025-02-19,SKU_006,16.27,4,21.14,85.54
2025-02-20,SKU_006,16.17,4,21.14,83.95
2025-02-21,SKU_006,4.5,4,21.14,92.72
2025-02-22,SKU_006,3.47,4,21.14,99.38
2025-02-23,SKU_006,9.28,4,21.14,97.59
2025-02-24,SKU_006,2.79,4,21.14,107.54
2025-02-25,SKU_006,19.9,4,21.14,97.41
2025-02-26,SKU_006,7.93,4,21.14,99.77
2025-02-27,SKU_006,20.08,4,21.14,87.14
2025-02-28,SKU_006,9.41,4,21.14,82.14
2025-03-01,SKU_006,11.32,4,21.14,83.88
2025-03-02,SKU_006,10.68,4,21.14,79.84
2025-03-03,SKU_006,20.32,4,21.14,62.81
2025-03-04,SKU_006,18.39,4,21.14,52.99
2025-03-05,SKU_006,22.61,4,21.14,35.34
2025-03-06,SKU_006,12.9,4,21.14,29.96
2025-03-07,SKU_006,4.55,4,21.14,28.88
2025-03-08,SKU_006,11.97,4,21.14,26.18
2025-03-09,SKU_006,2.71,4,21.14,28.15
2025-03-10,SKU_006,15.94,4,21.14,19.33
2025-03-11,SKU_006,12.58,4,21.14,21.12
2025-03-12,SKU_006,18.93,4,21.14,14.9
2025-03-13,SKU_006,22.58,4,21.14,0.0
2025-03-14,SKU_006,13.44,4,21.14,0.02
2025-03-15,SKU_006,7.24,4,21.14,0.92
2025-03-16,SKU_006,10.78,4,21.14,0.0
2025-03-17,SKU_006,10.87,4,21.14,4.06
2025-03-18,SKU_006,26.12,4,21.14,0.0
2025-03-19,SKU_006,14.92,4,21.14,0.0
2025-03-20,SKU_006,14.71,4,21.14,0.0
2025-03-21,SKU_006,13.05,4,21.14,0.0
2025-03-22,SKU_006,9.51,4,21.14,3.51
2025-03-23,SKU_006,10.93,4,21.14,2.0
2025-03-24,SKU_006,10.95,4,21.14,0.86
2025-03-25,SKU_006,15.87,4,21.14,0.0
2025-03-26,SKU_006,21.51,4,21.14,0.0
2025-03-27,SKU_006,18.59,4,21.14,0.0
2025-03-28,SKU_006,12.31,4,21.14,2.26
2025-03-29,SKU_006,13.41,4,21.14,2.25
2025-03-30,SKU_006,12.9,4,21.14,2.31
2025-03-31,SKU_006,16.29,4,21.14,0.0
2025-04-01,SKU_006,10.46,4,21.14,0.0
2025-04-02,SKU_006,19.31,4,21.14,0.0
2025-04-03,SKU_006,15.85,4,21.14,0.0
2025-04-04,SKU_006,16.7,4,21.14,0.0
2025-04-05,SKU_006,0.0,4,21.14,8.48
2025-04-06,SKU_006,8.41,4,21.14,7.41
2025-04-07,SKU_006,13.35,4,21.14,0.0
2025-04-08,SKU_006,12.54,4,21.14,0.0
2025-04-09,SKU_006,14.19,4,21.14,0.0
2025-04-10,SKU_006,21.05,4,21.14,0.0
2025-04-11,SKU_006,12.65,4,21.14,0.0
2025-04-12,SKU_006,15.55,4,21.14,0.0
2025-04-13,SKU_006,8.34,4,21.14,5.9
2025-04-14,SKU_006,7.34,4,21.14,4.4
2025-04-15,SKU_006,15.59,4,21.14,0.0
2025-04-16,SKU_006,15.88,4,21.14,0.0
2025-04-17,SKU_006,17.92,4,21.14,0.0
2025-04-18,SKU_006,13.41,4,21.14,0.0
2025-04-19,SKU_006,10.15,4,21.14,2.45
2025-04-20,SKU_006,17.98,4,21.14,0.0
2025-04-21,SKU_006,18.02,4,21.14,0.0
2025-04-22,SKU_006,13.47,4,21.14,0.0
2025-04-23,SKU_006,21.83,4,21.14,0.0
2025-04-24,SKU_006,15.26,4,21.14,0.0
2025-04-25,SKU_006,9.97,4,21.14,0.0
2025-04-26,SKU_006,13.7,4,21.14,0.0
2025-04-27,SKU_006,5.42,4,21.14,2.8
2025-04-28,SKU_006,16.66,4,21.14,0.0
2025-04-29,SKU_006,19.87,4,21.14,0.0
2025-04-30,SKU_006,14.13,4,21.14,0.0
2025-01-01,SKU_007,27.93,6,43.11,211.9
2025-01-02,SKU_007,41.54,6,43.11,178.43
2025-01-03,SKU_007,34.16,6,43.11,154.39
2025-01-04,SKU_007,35.76,6,43.11,129.28
2025-01-05,SKU_007,32.13,6,43.11,111.92
2025-01-06,SKU_007,40.95,6,43.11,84.73
2025-01-07,SKU_007,36.42,6,43.11,52.04
2025-01-08,SKU_007,41.8,6,43.11,21.02
2025-01-09,SKU_007,35.47,6,43.11,0.0
2025-01-10,SKU_007,32.26,6,43.11,0.0
2025-01-11,SKU_007,30.37,6,43.11,0.0
2025-01-12,SKU_007,32.4,6,43.11,0.0
2025-01-13,SKU_007,31.98,6,43.11,0.0
2025-01-14,SKU_007,40.63,6,43.11,0.0
2025-01-15,SKU_007,39.92,6,43.11,0.0
2025-01-16,SKU_007,31.61,6,43.11,0.0
2025-01-17,SKU_007,25.64,6,43.11,0.0
2025-01-18,SKU_007,34.51,6,43.11,0.0
2025-01-19,SKU_007,21.93,6,43.11,0.0
2025-01-20,SKU_007,34.23,6,43.11,0.0
2025-01-21,SKU_007,32.96,6,43.11,0.0
2025-01-22,SKU_007,46.58,6,43.11,0.0
2025-01-23,SKU_007,39.31,6,43.11,0.0
2025-01-24,SKU_007,34.03,6,43.11,0.0
2025-01-25,SKU_007,26.77,6,43.11,0.0
2025-01-26,SKU_007,25.48,6,43.11,0.0
2025-01-27,SKU_007,35.6,6,43.11,0.0
2025-01-28,SKU_007,38.7,6,43.11,0.0
2025-01-29,SKU_007,35.47,6,43.11,0.0
2025-01-30,SKU_007,32.64,6,43.11,0.0
2025-01-31,SKU_007,28.11,6,43.11,0.0
2025-02-01,SKU_007,25.28,6,43.11,0.0
2025-02-02,SKU_007,28.47,6,43.11,0.0
2025-02-03,SKU_007,36.2,6,43.11,0.0
2025-02-04,SKU_007,40.79,6,43.11,0.0
2025-02-05,SKU_007,39.58,6,43.11,0.0
2025-02-06,SKU_007,37.58,6,43.11,0.0
2025-02-07,SKU_007,34.91,6,43.11,0.0
2025-02-08,SKU_007,22.02,6,43.11,0.0
2025-02-09,SKU_007,31.81,6,43.11,0.0
2025-02-10,SKU_007,40.13,6,43.11,0.0
2025-02-11,SKU_007,31.05,6,43.11,0.0
2025-02-12,SKU_007,28.76,6,43.11,0.0
2025-02-13,SKU_007,36.3,6,43.11,0.0
2025-02-14,SKU_007,37.03,6,43.11,0.0
2025-02-15,SKU_007,29.33,6,43.11,0.0
2025-02-16,SKU_007,33.44,6,43.11,0.0
2025-02-17,SKU_007,36.12,6,43.11,0.0
2025-02-18,SKU_007,34.13,6,43.11,0.0
2025-02-19,SKU_007,35.92,6,43.11,0.0
2025-02-20,SKU_007,30.3,6,43.11,0.0
2025-02-21,SKU_007,38.78,6,43.11,0.0
2025-02-22,SKU_007,33.37,6,43.11,0.0
2025-02-23,SKU_007,30.55,6,43.11,0.0
2025-02-24,SKU_007,33.94,6,43.11,0.0
2025-02-25,SKU_007,35.58,6,43.11,0.0
2025-02-26,SKU_007,41.34,6,43.11,0.0
2025-02-27,SKU_007,34.15,6,43.11,0.0
2025-02-28,SKU_007,31.25,6,43.11,0.0
2025-03-01,SKU_007,27.49,6,43.11,0.0
2025-03-02,SKU_007,34.06,6,43.11,0.0
2025-03-03,SKU_007,34.3,6,43.11,0.0
2025-03-04,SKU_007,39.35,6,43.11,0.0
2025-03-05,SKU_007,35.17,6,43.11,0.0
2025-03-06,SKU_007,34.51,6,43.11,0.0
2025-03-07,SKU_007,33.36,6,43.11,0.0
2025-03-08,SKU_007,23.66,6,43.11,0.0
2025-03-09,SKU_007,30.09,6,43.11,0.0
2025-03-10,SKU_007,34.83,6,43.11,0.0
2025-03-11,SKU_007,33.74,6,43.11,0.0
2025-03-12,SKU_007,43.87,6,43.11,0.0
2025-03-13,SKU_007,38.43,6,43.11,0.0
2025-03-14,SKU_007,32.1,6,43.11,0.0
2025-03-15,SKU_007,27.2,6,43.11,0.0
2025-03-16,SKU_007,24.49,6,43.11,0.0
2025-03-17,SKU_007,38.65,6,43.11,0.0
2025-03-18,SKU_007,36.97,6,43.11,0.0
2025-03-19,SKU_007,34.12,6,43.11,0.0
2025-03-20,SKU_007,34.13,6,43.11,0.0
2025-03-21,SKU_007,34.52,6,43.11,0.0
2025-03-22,SKU_007,30.96,6,43.11,0.0
2025-03-23,SKU_007,26.7,6,43.11,0.0
2025-03-24,SKU_007,39.41,6,43.11,0.0
2025-03-25,SKU_007,33.1,6,43.11,0.0
2025-03-26,SKU_007,45.19,6,43.11,0.0
2025-03-27,SKU_007,37.83,6,43.11,0.0
2025-03-28,SKU_007,31.18,6,43.11,0.0
2025-03-29,SKU_007,29.0,6,43.11,0.0
2025-03-30,SKU_007,31.29,6,43.11,0.0
2025-03-31,SKU_007,37.01,6,43.11,0.0
2025-04-01,SKU_007,31.68,6,43.11,0.0
2025-04-02,SKU_007,36.72,6,43.11,0.0
2025-04-03,SKU_007,37.24,6,43.11,0.0
2025-04-04,SKU_007,37.41,6,43.11,0.0
2025-04-05,SKU_007,34.54,6,43.11,0.0
2025-04-06,SKU_007,37.34,6,43.11,0.0
2025-04-07,SKU_007,39.19,6,43.11,0.0
2025-04-08,SKU_007,35.47,6,43.11,0.0
2025-04-09,SKU_007,39.69,6,43.11,0.0
2025-04-10,SKU_007,41.39,6,43.11,0.0
2025-04-11,SKU_007,36.61,6,43.11,0.0
2025-04-12,SKU_007,29.19,6,43.11,0.0
2025-04-13,SKU_007,32.99,6,43.11,0.0
2025-04-14,SKU_007,33.04,6,43.11,0.0
2025-04-15,SKU_007,32.82,6,43.11,0.0
2025-04-16,SKU_007,39.28,6,43.11,0.0
2025-04-17,SKU_007,36.34,6,43.11,0.0
2025-04-18,SKU_007,30.69,6,43.11,0.0
2025-04-19,SKU_007,32.15,6,43.11,0.0
2025-04-20,SKU_007,30.03,6,43.11,0.0
2025-04-21,SKU_007,36.44,6,43.11,0.0
2025-04-22,SKU_007,41.8,6,43.11,0.0
2025-04-23,SKU_007,49.3,6,43.11,0.0
2025-04-24,SKU_007,36.64,6,43.11,0.0
2025-04-25,SKU_007,37.48,6,43.11,0.0
2025-04-26,SKU_007,30.9,6,43.11,0.0
2025-04-27,SKU_007,32.1,6,43.11,0.0
2025-04-28,SKU_007,34.53,6,43.11,0.0
2025-04-29,SKU_007,39.33,6,43.11,0.0
2025-04-30,SKU_007,38.85,6,43.11,0.0
2025-01-01,SKU_008,44.07,6,54.39,310.45
2025-01-02,SKU_008,38.39,6,54.39,281.83
2025-01-03,SKU_008,43.06,6,54.39,242.43
2025-01-04,SKU_008,38.0,6,54.39,217.8
2025-01-05,SKU_008,37.4,6,54.39,188.16
2025-01-06,SKU_008,43.81,6,54.39,147.96
2025-01-07,SKU_008,37.94,6,54.39,123.42
2025-01-08,SKU_008,43.07,6,54.39,85.95
2025-01-09,SKU_008,44.13,6,54.39,54.17
2025-01-10,SKU_008,47.65,6,54.39,12.29
2025-01-11,SKU_008,36.26,6,54.39,0.0
2025-01-12,SKU_008,34.44,6,54.39,0.0
2025-01-13,SKU_008,31.02,6,54.39,0.0
2025-01-14,SKU_008,51.84,6,54.39,0.0
2025-01-15,SKU_008,46.23,6,54.39,0.0
2025-01-16,SKU_008,41.83,6,54.39,0.0
2025-01-17,SKU_008,29.05,6,54.39,0.0
2025-01-18,SKU_008,34.99,6,54.39,0.0
2025-01-19,SKU_008,36.92,6,54.39,0.0
2025-01-20,SKU_008,38.2,6,54.39,0.0
2025-01-21,SKU_008,38.87,6,54.39,0.0
2025-01-22,SKU_008,39.6,6,54.39,0.0
2025-01-23,SKU_008,50.18,6,54.39,0.0
2025-01-24,SKU_008,38.54,6,54.39,0.0
2025-01-25,SKU_008,33.33,6,54.39,0.0
2025-01-26,SKU_008,36.56,6,54.39,0.0
2025-01-27,SKU_008,40.19,6,54.39,0.0
2025-01-28,SKU_008,38.46,6,54.39,0.0
2025-01-29,SKU_008,48.85,6,54.39,0.0
2025-01-30,SKU_008,41.73,6,54.39,0.0
2025-01-31,SKU_008,38.59,6,54.39,0.0
2025-02-01,SKU_008,41.35,6,54.39,0.0
2025-02-02,SKU_008,31.16,6,54.39,0.0
2025-02-03,SKU_008,37.22,6,54.39,0.0
2025-02-04,SKU_008,45.48,6,54.39,0.0
2025-02-05,SKU_008,48.76,6,54.39,0.0
2025-02-06,SKU_008,40.01,6,54.39,0.0
2025-02-07,SKU_008,35.89,6,54.39,0.0
2025-02-08,SKU_008,37.96,6,54.39,0.0
2025-02-09,SKU_008,45.48,6,54.39,0.0
2025-02-10,SKU_008,40.6,6,54.39,0.0
2025-02-11,SKU_008,41.12,6,54.39,0.0
2025-02-12,SKU_008,40.96,6,54.39,0.0
2025-02-13,SKU_008,41.91,6,54.39,0.0
2025-02-14,SKU_008,41.52,6,54.39,0.0
2025-02-15,SKU_008,46.68,6,54.39,0.0
2025-02-16,SKU_008,35.17,6,54.39,0.0
2025-02-17,SKU_008,40.61,6,54.39,0.0
2025-02-18,SKU_008,51.05,6,54.39,0.0
2025-02-19,SKU_008,46.38,6,54.39,0.0
2025-02-20,SKU_008,43.33,6,54.39,0.0
2025-02-21,SKU_008,44.0,6,54.39,0.0
2025-02-22,SKU_008,35.83,6,54.39,0.0
2025-02-23,SKU_008,32.48,6,54.39,0.0
2025-02-24,SKU_008,45.17,6,54.39,0.0
2025-02-25,SKU_008,37.86,6,54.39,0.0
2025-02-26,SKU_008,49.25,6,54.39,0.0
2025-02-27,SKU_008,42.46,6,54.39,0.0
2025-02-28,SKU_008,36.95,6,54.39,0.0
2025-03-01,SKU_008,34.14,6,54.39,0.0
2025-03-02,SKU_008,35.82,6,54.39,0.0
2025-03-03,SKU_008,38.55,6,54.39,0.0
2025-03-04,SKU_008,46.0,6,54.39,0.0
2025-03-05,SKU_008,43.55,6,54.39,0.0
2025-03-06,SKU_008,34.8,6,54.39,0.0
2025-03-07,SKU_008,38.15,6,54.39,0.0
2025-03-08,SKU_008,39.29,6,54.39,0.0
2025-03-09,SKU_008,28.51,6,54.39,0.0
2025-03-10,SKU_008,40.29,6,54.39,0.0
2025-03-11,SKU_008,42.38,6,54.39,0.0
2025-03-12,SKU_008,48.92,6,54.39,0.0
2025-03-13,SKU_008,41.44,6,54.39,0.0
2025-03-14,SKU_008,41.23,6,54.39,0.0
2025-03-15,SKU_008,38.02,6,54.39,0.0
2025-03-16,SKU_008,39.1,6,54.39,0.0
2025-03-17,SKU_008,46.55,6,54.39,0.0
2025-03-18,SKU_008,43.32,6,54.39,0.0
2025-03-19,SKU_008,45.42,6,54.39,0.0
2025-03-20,SKU_008,44.15,6,54.39,0.0
2025-03-21,SKU_008,38.5,6,54.39,0.0
2025-03-22,SKU_008,34.41,6,54.39,0.0
2025-03-23,SKU_008,32.81,6,54.39,0.0
2025-03-24,SKU_008,40.36,6,54.39,0.0
2025-03-25,SKU_008,38.24,6,54.39,0.0
2025-03-26,SKU_008,37.04,6,54.39,0.0
2025-03-27,SKU_008,38.01,6,54.39,0.0
2025-03-28,SKU_008,40.79,6,54.39,0.0
2025-03-29,SKU_008,36.37,6,54.39,0.0
2025-03-30,SKU_008,39.1,6,54.39,0.0
2025-03-31,SKU_008,37.55,6,54.39,0.0
2025-04-01,SKU_008,48.4,6,54.39,0.0
2025-04-02,SKU_008,39.6,6,54.39,0.0
2025-04-03,SKU_008,38.15,6,54.39,0.0
2025-04-04,SKU_008,42.25,6,54.39,0.0
2025-04-05,SKU_008,36.07,6,54.39,0.0
2025-04-06,SKU_008,39.12,6,54.39,0.0
2025-04-07,SKU_008,41.26,6,54.39,0.0
2025-04-08,SKU_008,41.98,6,54.39,0.0
2025-04-09,SKU_008,40.42,6,54.39,0.0
2025-04-10,SKU_008,35.17,6,54.39,0.0
2025-04-11,SKU_008,45.38,6,54.39,0.0
2025-04-12,SKU_008,28.94,6,54.39,0.0
2025-04-13,SKU_008,42.1,6,54.39,0.0
2025-04-14,SKU_008,40.72,6,54.39,0.0
2025-04-15,SKU_008,45.29,6,54.39,0.0
2025-04-16,SKU_008,45.99,6,54.39,0.0
2025-04-17,SKU_008,44.66,6,54.39,0.0
2025-04-18,SKU_008,35.02,6,54.39,0.0
2025-04-19,SKU_008,26.82,6,54.39,0.0
2025-04-20,SKU_008,34.08,6,54.39,0.0
2025-04-21,SKU_008,42.13,6,54.39,0.0
2025-04-22,SKU_008,39.92,6,54.39,0.0
2025-04-23,SKU_008,49.48,6,54.39,0.0
2025-04-24,SKU_008,41.97,6,54.39,0.0
2025-04-25,SKU_008,33.51,6,54.39,0.0
2025-04-26,SKU_008,36.03,6,54.39,0.0
2025-04-27,SKU_008,38.15,6,54.39,0.0
2025-04-28,SKU_008,42.36,6,54.39,0.0
2025-04-29,SKU_008,32.56,6,54.39,0.0
2025-04-30,SKU_008,33.0,6,54.39,0.0
2025-01-01,SKU_009,47.57,6,60.48,88.12
2025-01-02,SKU_009,45.28,6,60.48,51.96
2025-01-03,SKU_009,31.65,6,60.48,34.94
2025-01-04,SKU_009,29.65,6,60.48,12.72
2025-01-05,SKU_009,37.61,6,60.48,0.0
2025-01-06,SKU_009,36.98,6,60.48,0.0
2025-01-07,SKU_009,47.68,6,60.48,0.0
2025-01-08,SKU_009,49.88,6,60.48,0.0
2025-01-09,SKU_009,36.11,6,60.48,0.0
2025-01-10,SKU_009,33.22,6,60.48,0.0
2025-01-11,SKU_009,34.1,6,60.48,0.0
2025-01-12,SKU_009,25.96,6,60.48,0.0
2025-01-13,SKU_009,31.38,6,60.48,0.0
2025-01-14,SKU_009,38.86,6,60.48,0.0
2025-01-15,SKU_009,51.47,6,60.48,0.0
2025-01-16,SKU_009,41.74,6,60.48,0.0
2025-01-17,SKU_009,33.81,6,60.48,0.0
2025-01-18,SKU_009,29.62,6,60.48,0.0
2025-01-19,SKU_009,29.87,6,60.48,0.0
2025-01-20,SKU_009,36.25,6,60.48,0.0
2025-01-21,SKU_009,39.94,6,60.48,0.0
2025-01-22,SKU_009,42.52,6,60.48,0.0
2025-01-23,SKU_009,42.7,6,60.48,0.0
2025-01-24,SKU_009,36.07,6,60.48,0.0
2025-01-25,SKU_009,36.9,6,60.48,0.0
2025-01-26,SKU_009,33.46,6,60.48,0.0
2025-01-27,SKU_009,45.38,6,60.48,0.0
2025-01-28,SKU_009,45.58,6,60.48,0.0
2025-01-29,SKU_009,44.34,6,60.48,0.0
2025-01-30,SKU_009,42.72,6,60.48,0.0
2025-01-31,SKU_009,34.18,6,60.48,0.0
2025-02-01,SKU_009,32.71,6,60.48,0.0
2025-02-02,SKU_009,33.52,6,60.48,0.0
2025-02-03,SKU_009,35.52,6,60.48,0.0
2025-02-04,SKU_009,37.06,6,60.48,0.0
2025-02-05,SKU_009,45.65,6,60.48,0.0
2025-02-06,SKU_009,44.62,6,60.48,0.0
2025-02-07,SKU_009,37.99,6,60.48,0.0
2025-02-08,SKU_009,33.35,6,60.48,0.0
2025-02-09,SKU_009,43.54,6,60.48,0.0
2025-02-10,SKU_009,35.93,6,60.48,0.0
2025-02-11,SKU_009,43.51,6,60.48,0.0
2025-02-12,SKU_009,47.96,6,60.48,0.0
2025-02-13,SKU_009,36.32,6,60.48,0.0
2025-02-14,SKU_009,38.93,6,60.48,0.0
2025-02-15,SKU_009,40.83,6,60.48,0.0
2025-02-16,SKU_009,34.64,6,60.48,0.0
2025-02-17,SKU_009,39.23,6,60.48,0.0
2025-02-18,SKU_009,39.86,6,60.48,0.0
2025-02-19,SKU_009,45.37,6,60.48,0.0
2025-02-20,SKU_009,37.6,6,60.48,0.0
2025-02-21,SKU_009,36.14,6,60.48,0.0
2025-02-22,SKU_009,27.83,6,60.48,0.0
2025-02-23,SKU_009,24.28,6,60.48,0.0
2025-02-24,SKU_009,36.68,6,60.48,0.0
2025-02-25,SKU_009,40.53,6,60.48,0.0
2025-02-26,SKU_009,41.88,6,60.48,0.0
2025-02-27,SKU_009,43.71,6,60.48,0.0
2025-02-28,SKU_009,40.41,6,60.48,0.0
2025-03-01,SKU_009,34.9,6,60.48,0.0
2025-03-02,SKU_009,37.32,6,60.48,0.0
2025-03-03,SKU_009,35.54,6,60.48,0.0
2025-03-04,SKU_009,38.52,6,60.48,0.0
2025-03-05,SKU_009,45.46,6,60.48,0.0
2025-03-06,SKU_009,36.27,6,60.48,0.0
2025-03-07,SKU_009,31.52,6,60.48,0.0
2025-03-08,SKU_009,45.15,6,60.48,0.0
2025-03-09,SKU_009,34.9,6,60.48,0.0
2025-03-10,SKU_009,36.62,6,60.48,0.0
2025-03-11,SKU_009,40.09,6,60.48,0.0
2025-03-12,SKU_009,37.68,6,60.48,0.0
2025-03-13,SKU_009,41.85,6,60.48,0.0
2025-03-14,SKU_009,35.19,6,60.48,0.0
2025-03-15,SKU_009,37.58,6,60.48,0.0
2025-03-16,SKU_009,36.81,6,60.48,0.0
2025-03-17,SKU_009,37.22,6,60.48,0.0
2025-03-18,SKU_009,34.59,6,60.48,0.0
2025-03-19,SKU_009,43.69,6,60.48,0.0
2025-03-20,SKU_009,40.62,6,60.48,0.0
2025-03-21,SKU_009,27.8,6,60.48,0.0
2025-03-22,SKU_009,35.35,6,60.48,0.0
2025-03-23,SKU_009,30.07,6,60.48,0.0
2025-03-24,SKU_009,42.68,6,60.48,0.0
2025-03-25,SKU_009,42.12,6,60.48,0.0
2025-03-26,SKU_009,40.95,6,60.48,0.0
2025-03-27,SKU_009,41.54,6,60.48,0.0
2025-03-28,SKU_009,36.95,6,60.48,0.0
2025-03-29,SKU_009,34.1,6,60.48,0.0
2025-03-30,SKU_009,38.17,6,60.48,0.0
2025-03-31,SKU_009,31.36,6,60.48,0.0
2025-04-01,SKU_009,43.53,6,60.48,0.0
2025-04-02,SKU_009,40.61,6,60.48,0.0
2025-04-03,SKU_009,39.64,6,60.48,0.0
2025-04-04,SKU_009,42.03,6,60.48,0.0
2025-04-05,SKU_009,30.52,6,60.48,0.0
2025-04-06,SKU_009,36.24,6,60.48,0.0
2025-04-07,SKU_009,42.24,6,60.48,0.0
2025-04-08,SKU_009,44.46,6,60.48,0.0
2025-04-09,SKU_009,43.72,6,60.48,0.0
2025-04-10,SKU_009,41.62,6,60.48,0.0
2025-04-11,SKU_009,38.64,6,60.48,0.0
2025-04-12,SKU_009,30.48,6,60.48,0.0
2025-04-13,SKU_009,34.57,6,60.48,0.0
2025-04-14,SKU_009,47.42,6,60.48,0.0
2025-04-15,SKU_009,44.19,6,60.48,0.0
2025-04-16,SKU_009,43.86,6,60.48,0.0
2025-04-17,SKU_009,39.25,6,60.48,0.0
2025-04-18,SKU_009,33.23,6,60.48,0.0
2025-04-19,SKU_009,34.71,6,60.48,0.0
2025-04-20,SKU_009,35.96,6,60.48,0.0
2025-04-21,SKU_009,38.21,6,60.48,0.0
2025-04-22,SKU_009,53.32,6,60.48,0.0
2025-04-23,SKU_009,40.59,6,60.48,0.0
2025-04-24,SKU_009,36.99,6,60.48,0.0
2025-04-25,SKU_009,34.97,6,60.48,0.0
2025-04-26,SKU_009,33.46,6,60.48,0.0
2025-04-27,SKU_009,31.3,6,60.48,0.0
2025-04-28,SKU_009,39.49,6,60.48,0.0
2025-04-29,SKU_009,43.83,6,60.48,0.0
2025-04-30,SKU_009,46.18,6,60.48,0.0
2025-01-01,SKU_010,25.01,4,12.81,388.39
2025-01-02,SKU_010,22.52,4,12.81,379.94
2025-01-03,SKU_010,20.63,4,12.81,363.68
2025-01-04,SKU_010,6.1,4,12.81,371.95
2025-01-05,SKU_010,11.44,4,12.81,367.77
2025-01-06,SKU_010,13.5,4,12.81,362.26
2025-01-07,SKU_010,16.86,4,12.81,359.18
2025-01-08,SKU_010,22.9,4,12.81,347.75
2025-01-09,SKU_010,22.01,4,12.81,329.2
2025-01-10,SKU_010,14.15,4,12.81,322.11
2025-01-11,SKU_010,13.88,4,12.81,312.36
2025-01-12,SKU_010,9.9,4,12.81,314.45
2025-01-13,SKU_010,17.88,4,12.81,301.2
2025-01-14,SKU_010,19.85,4,12.81,288.77
2025-01-15,SKU_010,24.89,4,12.81,270.45
2025-01-16,SKU_010,16.26,4,12.81,261.62
2025-01-17,SKU_010,15.79,4,12.81,253.46
2025-01-18,SKU_010,5.51,4,12.81,254.09
2025-01-19,SKU_010,13.96,4,12.81,247.78
2025-01-20,SKU_010,14.56,4,12.81,242.63
2025-01-21,SKU_010,21.02,4,12.81,229.16
2025-01-22,SKU_010,25.11,4,12.81,218.64
2025-01-23,SKU_010,18.81,4,12.81,213.75
2025-01-24,SKU_010,17.4,4,12.81,200.06
2025-01-25,SKU_010,11.2,4,12.81,200.24
2025-01-26,SKU_010,17.82,4,12.81,190.92
2025-01-27,SKU_010,24.93,4,12.81,175.73
2025-01-28,SKU_010,21.78,4,12.81,165.97
2025-01-29,SKU_010,22.3,4,12.81,155.36
2025-01-30,SKU_010,14.04,4,12.81,151.86
2025-01-31,SKU_010,12.57,4,12.81,151.35
2025-02-01,SKU_010,9.76,4,12.81,155.01
2025-02-02,SKU_010,14.84,4,12.81,149.84
2025-02-03,SKU_010,20.13,4,12.81,143.03
2025-02-04,SKU_010,22.83,4,12.81,128.24
2025-02-05,SKU_010,18.38,4,12.81,116.93
2025-02-06,SKU_010,26.32,4,12.81,96.07
2025-02-07,SKU_010,11.47,4,12.81,98.26
2025-02-08,SKU_010,12.58,4,12.81,91.08
2025-02-09,SKU_010,12.69,4,12.81,93.06
2025-02-10,SKU_010,14.59,4,12.81,88.79
2025-02-11,SKU_010,25.49,4,12.81,69.89
2025-02-12,SKU_010,20.21,4,12.81,61.42
2025-02-13,SKU_010,17.01,4,12.81,47.47
2025-02-14,SKU_010,20.31,4,12.81,41.55
2025-02-15,SKU_010,12.6,4,12.81,37.61
2025-02-16,SKU_010,4.38,4,12.81,41.46
2025-02-17,SKU_010,13.08,4,12.81,37.64
2025-02-18,SKU_010,22.71,4,12.81,25.11
2025-02-19,SKU_010,24.89,4,12.81,15.15
2025-02-20,SKU_010,16.84,4,12.81,5.93
2025-02-21,SKU_010,14.87,4,12.81,0.0
2025-02-22,SKU_010,16.1,4,12.81,0.0
2025-02-23,SKU_010,13.05,4,12.81,0.0
2025-02-24,SKU_010,15.99,4,12.81,0.0
2025-02-25,SKU_010,17.36,4,12.81,0.0
2025-02-26,SKU_010,26.32,4,12.81,0.0
2025-02-27,SKU_010,7.73,4,12.81,0.0
2025-02-28,SKU_010,23.19,4,12.81,0.0
2025-03-01,SKU_010,5.0,4,12.81,4.96
2025-03-02,SKU_010,13.96,4,12.81,3.92
2025-03-03,SKU_010,18.92,4,12.81,0.0
2025-03-04,SKU_010,23.18,4,12.81,0.0
2025-03-05,SKU_010,31.8,4,12.81,0.0
2025-03-06,SKU_010,13.66,4,12.81,0.0
2025-03-07,SKU_010,20.21,4,12.81,0.0
2025-03-08,SKU_010,11.23,4,12.81,0.45
2025-03-09,SKU_010,17.62,4,12.81,0.0
2025-03-10,SKU_010,14.81,4,12.81,0.0
2025-03-11,SKU_010,20.5,4,12.81,0.0
2025-03-12,SKU_010,19.13,4,12.81,0.0
2025-03-13,SKU_010,18.25,4,12.81,0.0
2025-03-14,SKU_010,13.67,4,12.81,0.0
2025-03-15,SKU_010,12.99,4,12.81,1.88
2025-03-16,SKU_010,14.95,4,12.81,0.0
2025-03-17,SKU_010,18.93,4,12.81,0.0
2025-03-18,SKU_010,21.95,4,12.81,0.0
2025-03-19,SKU_010,24.15,4,12.81,0.0
2025-03-20,SKU_010,21.6,4,12.81,0.0
2025-03-21,SKU_010,14.56,4,12.81,0.0
2025-03-22,SKU_010,17.97,4,12.81,0.0
2025-03-23,SKU_010,13.95,4,12.81,0.0
2025-03-24,SKU_010,19.88,4,12.81,0.0
2025-03-25,SKU_010,27.6,4,12.81,0.0
2025-03-26,SKU_010,26.69,4,12.81,0.0
2025-03-27,SKU_010,13.77,4,12.81,0.0
2025-03-28,SKU_010,15.51,4,12.81,0.0
2025-03-29,SKU_010,13.28,4,12.81,1.57
2025-03-30,SKU_010,17.24,4,12.81,0.0
2025-03-31,SKU_010,21.19,4,12.81,0.0
2025-04-01,SKU_010,20.96,4,12.81,0.0
2025-04-02,SKU_010,21.93,4,12.81,0.0
2025-04-03,SKU_010,16.1,4,12.81,0.0
2025-04-04,SKU_010,12.88,4,12.81,0.0
2025-04-05,SKU_010,15.94,4,12.81,0.0
2025-04-06,SKU_010,16.39,4,12.81,0.0
2025-04-07,SKU_010,18.6,4,12.81,0.0
2025-04-08,SKU_010,12.98,4,12.81,0.0
2025-04-09,SKU_010,23.99,4,12.81,0.0
2025-04-10,SKU_010,26.27,4,12.81,0.0
2025-04-11,SKU_010,11.65,4,12.81,0.0
2025-04-12,SKU_010,14.86,4,12.81,0.0
2025-04-13,SKU_010,19.83,4,12.81,0.0
2025-04-14,SKU_010,16.26,4,12.81,0.0
2025-04-15,SKU_010,24.88,4,12.81,0.0
2025-04-16,SKU_010,21.74,4,12.81,0.0
2025-04-17,SKU_010,26.36,4,12.81,0.0
2025-04-18,SKU_010,5.89,4,12.81,0.0
2025-04-19,SKU_010,10.14,4,12.81,0.44
2025-04-20,SKU_010,13.56,4,12.81,0.0
2025-04-21,SKU_010,20.98,4,12.81,0.0
2025-04-22,SKU_010,19.66,4,12.81,0.0
2025-04-23,SKU_010,20.23,4,12.81,0.0
2025-04-24,SKU_010,22.66,4,12.81,0.0
2025-04-25,SKU_010,15.47,4,12.81,0.0
2025-04-26,SKU_010,15.76,4,12.81,0.0
2025-04-27,SKU_010,15.14,4,12.81,0.0
2025-04-28,SKU_010,13.18,4,12.81,0.0
2025-04-29,SKU_010,20.99,4,12.81,0.0
2025-04-30,SKU_010,25.04,4,12.81,0.0
